,City,Country,Lat,Lng,Max Temp,Humidity,Cloudiness,Wind Speed,Description
0,Kavaratti,IN,10.5669,72.642,80.64,78,78,13.96,broken clouds
1,Mehamn,NO,71.0357,27.8492,42.71,81,100,10.36,overcast clouds
2,Sanwer,IN,22.9833,75.8333,74.05,93,100,5.21,overcast clouds
3,Baghdad,IQ,33.3406,44.4009,75.11,35,0,3.44,clear sky
4,Sarahan,IN,31.5167,77.8,53.46,73,15,3.76,few clouds
5,Svetlyy,RU,54.675,20.1347,51.85,77,44,15.48,scattered clouds
6,Nizwa,OM,22.9333,57.5333,77.7,48,41,1.66,scattered clouds
7,Yar-Sale,RU,66.8333,70.8333,32.63,91,48,10.87,scattered clouds
8,Dikson,RU,73.5069,80.5464,30.13,81,96,10.65,overcast clouds
9,Hobyo,SO,5.3505,48.5268,76.84,87,54,15.93,broken clouds
10,Marawi,PH,7.9986,124.2928,74.84,81,98,2.55,overcast clouds
11,Keti Bandar,PK,24.1447,67.4497,80.1,77,89,13.82,overcast clouds
12,Jijiga,ET,9.35,42.8,63.07,73,52,3.62,broken clouds
13,Mandal,IN,25.45,74.5667,76.73,77,69,4.12,broken clouds
14,Balkhash,KZ,46.844,74.9804,44.89,45,0,14.14,clear sky
15,Gbely,SK,48.718,17.1163,56.71,79,100,5.95,overcast clouds
16,Karakol,KG,42.4907,78.3936,41.9,51,63,4.68,broken clouds
17,Zapolyarnyy,RU,69.4154,30.8136,38.48,92,100,6.89,overcast clouds
18,Manali,IN,13.1667,80.2667,77.09,81,100,10.58,very heavy rain
19,Yarega,RU,63.4354,53.5765,41.7,94,100,5.48,light rain
20,Barentu,ER,15.1139,37.5928,75.2,37,67,1.61,broken clouds
21,Am Timan,TD,11.0297,20.2827,74.64,73,76,4.85,broken clouds
22,Kyzyl-Suu,KG,42.3414,78.0056,43.81,50,81,6.04,broken clouds
23,Kulhudhuffushi,MV,6.6221,73.07,80.89,79,100,18.57,overcast clouds
24,Great Yarmouth,GB,52.6083,1.7305,52.05,68,4,22.82,clear sky
25,Beloretsk,RU,53.9631,58.3981,42.46,55,100,2.86,overcast clouds
26,Sayyan,YE,15.1718,44.3244,60.33,35,36,8.66,scattered clouds
27,Oristano,IT,39.9,8.6,63.93,64,13,6.55,few clouds
28,Sorland,NO,67.667,12.6934,48.06,86,100,21.77,light rain
29,Garowe,SO,8.4054,48.4845,77.02,67,93,15.57,overcast clouds
30,Klyuchi,RU,52.2667,79.1667,45.36,83,93,7.81,overcast clouds
31,Victoria,HK,22.2855,114.1577,84.38,78,54,8.99,broken clouds
32,Harnosand,SE,62.6323,17.9379,57.22,94,100,25.08,overcast clouds
33,Bandarbeyla,SO,9.4942,50.8122,76.57,86,72,22.97,broken clouds
34,Diplo,PK,24.4667,69.584,80.19,67,13,13.02,few clouds
35,Vysokovsk,RU,56.3167,36.55,40.8,97,94,5.12,overcast clouds
36,Guider,CM,9.9342,13.9486,73.6,86,58,5.26,light rain
37,Ugoofaaru,MV,5.6667,73.0,81.5,78,100,18.77,overcast clouds
38,Ylivieska,FI,64.0833,24.55,53.31,97,100,12.88,light rain
39,Lagdo,CM,9.05,13.7333,71.62,96,53,0.18,moderate rain
40,Kamenka,RU,51.3223,42.7678,46.6,85,85,11.12,overcast clouds
41,Mering,DE,48.2656,10.9846,57.97,77,75,6.91,broken clouds
42,Jalu,LY,29.0331,21.5482,73.71,43,6,13.22,clear sky
43,Ostrovnoy,RU,68.0531,39.5131,47.5,93,99,13.04,overcast clouds
44,Bridlington,GB,54.0831,-0.1919,50.29,73,25,22.88,scattered clouds
45,Mecca,SA,21.4267,39.8261,83.62,33,0,5.55,clear sky
46,Khalkhal,IR,37.6189,48.5258,54.52,48,0,3.18,clear sky
47,Lukovetskiy,RU,64.2956,41.9211,45.72,96,100,3.62,overcast clouds
48,Oum Hadjer,TD,13.2954,19.6966,84.49,45,59,3.29,broken clouds
49,Shemonaikha,KZ,50.6328,81.9056,41.67,49,91,3.38,overcast clouds
50,Biskupiec,PL,53.8647,20.9569,42.62,81,63,9.24,broken clouds
51,Chabahar,IR,25.2919,60.643,80.11,75,0,4.18,clear sky
52,Asosa,ET,10.0667,34.5333,59.72,95,97,1.99,moderate rain
53,Amudalavalasa,IN,18.4167,83.9,76.3,94,100,3.44,overcast clouds
54,Gornopravdinsk,RU,60.05,69.9,41.43,98,99,5.37,overcast clouds
55,Marsaxlokk,MT,35.8419,14.5431,70.09,73,40,2.3,scattered clouds
56,Mormugao,IN,15.4,73.8,78.21,87,92,9.73,light rain
57,Chatakonda,IN,17.55,80.65,74.66,98,100,3.42,overcast clouds
58,Voyinka,UA,45.8699,33.9914,55.26,67,98,5.59,overcast clouds
59,Tromso,NO,69.6496,18.957,42.39,87,100,2.3,overcast clouds
60,Vuktyl,RU,63.8567,57.3094,41.79,94,100,8.28,light rain
61,Bilma,NE,18.6853,12.9164,87.24,19,24,4.54,few clouds
62,Salalah,OM,17.0151,54.0924,77.09,83,0,2.3,clear sky
63,Asyut,EG,27.181,31.1837,75.87,43,0,9.73,clear sky
64,Marsabit,KE,2.3284,37.9899,64.26,72,79,21.23,broken clouds
65,Shafranovo,RU,53.9667,54.7667,50.52,29,100,7.45,overcast clouds
66,Komsomolskiy,UZ,40.4272,71.7189,52.52,37,73,6.91,broken clouds
67,Raga,SS,8.4596,25.678,69.33,92,62,0.38,broken clouds
68,Burhaniye,TR,39.5004,26.9727,60.71,67,0,11.5,clear sky
69,Talnakh,RU,69.4865,88.3972,24.66,96,95,2.75,overcast clouds
70,Berlevag,NO,70.8578,29.0864,42.75,75,100,9.22,overcast clouds
71,Troitskoye,RU,52.9821,84.6757,37.87,95,100,6.06,moderate rain
72,Obilnoye,RU,44.2457,43.5613,54.79,86,100,3.78,overcast clouds
73,Umm Lajj,SA,25.0213,37.2685,85.15,49,0,6.76,clear sky
74,Kharp,RU,66.8014,65.8081,36.52,99,100,3.87,overcast clouds
75,Thinadhoo,MV,0.5333,72.9333,82.29,74,90,19.35,overcast clouds
76,Tahta,EG,26.7693,31.5021,77.67,36,1,9.62,clear sky
77,Kem,RU,64.9555,34.5793,44.85,92,64,10.16,broken clouds
78,Olden,NO,61.8364,6.8064,50.74,86,85,10.8,light rain
79,Asekeyevo,RU,53.5742,52.7972,50.9,45,100,5.14,overcast clouds
80,Sur,OM,22.5667,59.5289,81.45,57,0,7.43,clear sky
81,Bereda,ES,43.2686,-7.5406,60.42,100,100,7.4,overcast clouds
82,Abnub,EG,27.2696,31.1511,75.63,45,0,9.22,clear sky
83,Isiolo,KE,0.3546,37.5822,67.69,74,34,9.33,scattered clouds
84,Dossor,KZ,47.5272,52.9811,57.87,23,72,16.78,broken clouds
85,Tessalit,ML,20.1986,1.0114,89.6,14,73,10.04,broken clouds
86,Krasnoselkup,RU,65.7,82.4667,32.36,94,100,5.99,overcast clouds
87,Hurghada,EG,27.2574,33.8129,79.0,56,0,12.64,clear sky
88,Emba,KZ,48.8264,58.1442,49.64,19,99,8.79,overcast clouds
89,Adrar,MR,20.5022,-10.0711,91.18,14,3,16.22,clear sky
90,Egersund,NO,58.4513,5.9997,51.39,83,81,11.81,light rain
91,Platanos,GR,37.6667,21.6167,63.09,70,7,6.17,clear sky
92,Bela,IN,25.9333,81.9833,72.72,95,100,13.24,overcast clouds
93,Pachino,IT,36.7186,15.0907,69.71,60,31,3.67,scattered clouds
94,Longyearbyen,SJ,78.2186,15.6401,39.04,75,20,14.97,few clouds
95,Atbasar,KZ,51.8,68.3333,46.98,41,95,5.66,overcast clouds
96,Dera Bugti,PK,29.0307,69.151,79.14,31,0,7.0,clear sky
97,Jam Sahib,PK,26.2958,68.6292,82.67,45,0,8.34,clear sky
98,Zarechnyy,RU,53.2036,45.1923,47.28,82,95,8.21,overcast clouds
99,Dudinka,RU,69.4058,86.1778,27.32,93,100,3.83,overcast clouds
100,Pangody,RU,65.85,74.4859,31.35,90,33,6.64,scattered clouds
101,Tabas,IR,33.5959,56.9244,72.73,19,0,4.76,clear sky
102,Erba,IT,45.8096,9.2312,61.16,88,17,4.52,few clouds
103,Dhidhdhoo,MV,6.8833,73.1,81.0,79,100,18.3,overcast clouds
104,Zhezkazgan,KZ,47.8043,67.7144,45.0,33,2,7.72,clear sky
105,Misratah,LY,32.3754,15.0925,73.65,62,25,11.63,scattered clouds
106,Ilovlya,RU,49.3033,43.9796,53.98,64,37,9.28,scattered clouds
107,Macon,US,39.8667,-88.9668,66.87,48,0,4.61,clear sky
108,Bafoussam,CM,5.4737,10.4179,59.52,97,100,2.82,overcast clouds
109,Rudnichnyy,RU,59.617,52.4703,42.21,86,100,5.91,overcast clouds
110,Tukrah,LY,32.5341,20.5791,72.03,67,0,15.28,clear sky
111,Lerwick,GB,60.1545,-1.1494,51.8,79,79,30.65,broken clouds
112,Belokurikha,RU,51.9959,84.9896,43.52,89,100,3.42,light rain
113,Urumqi,CN,43.801,87.6005,41.95,61,0,2.24,clear sky
114,Felanitx,ES,39.4696,3.1483,66.96,79,71,4.59,broken clouds
115,Minab,IR,27.1467,57.0801,83.01,78,0,0.96,clear sky
116,Jibuti,DJ,11.5,42.5,79.63,63,47,6.02,scattered clouds
117,Kashi,CN,39.4547,75.9797,58.14,35,100,4.23,overcast clouds
118,Attur,IN,11.6,78.6167,75.69,86,99,5.17,moderate rain
119,Esna,EG,25.2934,32.554,84.47,27,27,9.51,scattered clouds
120,Jalalabad,AF,34.4265,70.4515,73.6,23,0,4.94,clear sky
121,Dawlatabad,AF,36.4141,64.9053,54.54,15,0,6.15,clear sky
122,Bobrovka,RU,54.047,61.7455,47.34,31,100,7.96,overcast clouds
123,Begunitsy,RU,59.5855,29.3176,49.59,98,100,8.12,overcast clouds
124,Vardo,NO,70.3705,31.1107,42.78,81,75,20.71,broken clouds
125,Linda,US,39.1277,-121.5508,92.73,34,0,4.61,clear sky
126,Suna,RU,57.8338,50.0588,44.49,94,100,9.35,overcast clouds
127,Manadhoo,MV,5.7667,73.3833,81.5,78,100,18.72,overcast clouds
128,Vokhma,RU,58.9303,46.7586,44.24,97,97,2.55,overcast clouds
129,Leh,IN,34.1667,77.5833,43.14,50,0,3.74,clear sky
130,Waddan,LY,29.1614,16.139,69.64,69,0,11.03,clear sky
131,Berovo,MK,41.7031,22.8578,44.08,70,96,3.02,overcast clouds
132,Bud,US,39.447,-86.1758,64.9,65,81,3.85,broken clouds
133,Damavand,IR,35.7178,52.065,57.97,37,0,3.94,clear sky
134,Aswan,EG,24.0934,32.907,87.3,25,62,12.8,broken clouds
135,Agra,IN,27.1833,78.0167,75.4,89,77,6.49,broken clouds
136,Sawakin,SD,19.1059,37.3321,84.52,60,1,5.79,clear sky
137,Kautokeino,NO,69.0125,23.0412,36.91,98,100,13.65,overcast clouds
138,Catanzaro,IT,38.8908,16.5987,58.75,58,55,3.53,broken clouds
139,Obo,CF,5.3998,26.4869,68.25,94,88,1.5,overcast clouds
140,Ouesso,CG,1.6136,16.0517,71.22,95,80,3.71,light rain
141,Havoysund,NO,70.9963,24.6622,44.83,87,99,17.6,overcast clouds
142,Dwarka,IN,22.2394,68.9678,80.94,71,4,11.07,clear sky
143,Srivardhan,IN,18.0333,73.0167,78.04,89,84,6.06,broken clouds
144,Faya,SA,18.3851,42.4509,68.52,31,25,5.86,scattered clouds
145,Kula,TR,38.5473,28.6498,48.18,74,0,4.38,clear sky
146,Ivanivka,UA,46.7208,34.553,53.83,63,100,5.44,overcast clouds
147,Vuyyuru,IN,16.3667,80.85,74.41,96,100,2.89,light rain
148,Abohar,IN,30.15,74.1833,74.48,42,0,5.26,clear sky
149,Port Blair,IN,11.6667,92.75,79.97,81,98,8.9,overcast clouds
150,Artyom,AZ,40.4723,50.333,69.94,82,2,19.42,clear sky
151,Derzhavinsk,KZ,51.1,66.3167,48.2,34,100,7.61,overcast clouds
152,Elk,PL,53.8282,22.3647,48.78,86,71,9.04,broken clouds
153,Yukhnov,RU,54.7444,35.2297,46.02,97,99,6.06,overcast clouds
154,Luba,GQ,3.4568,8.5547,76.89,87,69,5.37,light rain
155,Doha,QA,25.2867,51.5333,87.78,60,0,10.36,clear sky
156,Brezno,SK,48.8043,19.6363,48.31,86,100,1.79,overcast clouds
157,Liebenburg,DE,52.0218,10.4317,63.46,77,24,16.31,few clouds
158,Cabras,IT,39.93,8.5314,64.36,64,13,7.34,few clouds
159,Boden,SE,65.8252,21.6886,50.0,99,100,9.26,light rain
160,Xuddur,SO,4.1213,43.8894,71.98,82,70,13.06,broken clouds
161,Terebovlya,UA,49.3019,25.71,48.2,70,100,5.5,overcast clouds
162,Eydhafushi,MV,5.1033,73.0708,81.39,78,100,18.45,overcast clouds
163,Leningradskiy,RU,69.3833,178.4167,30.74,87,100,8.28,overcast clouds
164,Eyl,SO,7.9803,49.8164,77.2,81,100,13.11,overcast clouds
165,Baglung,NP,28.2719,83.5898,64.96,100,100,3.49,heavy intensity rain
166,Sayat,TM,38.7839,63.8803,52.02,29,0,11.25,clear sky
167,Nevers,FR,46.9167,3.3333,53.49,91,0,2.73,clear sky
168,Ornskoldsvik,SE,63.2909,18.7153,54.55,100,100,19.57,moderate rain
169,Chiari,IT,45.5359,9.9304,63.9,10,31,3.11,scattered clouds
170,Rovaniemi,FI,66.5,25.7167,45.81,100,100,12.66,light intensity drizzle
171,Dalen,NL,52.6992,6.7556,57.31,87,71,10.0,broken clouds
172,Rognan,NO,67.0953,15.3878,50.14,92,100,8.1,light rain
173,Gayeri,BF,12.6497,0.4931,81.09,65,29,2.64,scattered clouds
174,Balkanabat,TM,39.5108,54.3671,70.48,10,0,10.13,clear sky
175,Belyy Yar,RU,53.6039,91.3903,37.29,81,0,6.71,clear sky
176,Inta,RU,66.0317,60.1659,41.97,93,100,4.03,light rain
177,Kidal,ML,18.4411,1.4078,91.04,15,0,11.05,clear sky
178,Darnah,LY,32.767,22.6367,71.58,68,6,9.17,clear sky
179,Krasnaya Gora,RU,52.9995,31.6023,47.79,94,100,7.94,overcast clouds
180,Koson,UZ,39.0375,65.585,50.32,25,0,10.51,clear sky
181,Agadez,NE,19.75,10.25,83.26,22,4,14.16,clear sky
182,Waw,SS,7.7029,27.9953,70.75,98,93,2.26,overcast clouds
183,Berbera,SO,10.4396,45.0143,86.29,70,90,2.89,overcast clouds
184,Tazovskiy,RU,67.4667,78.7,32.83,86,100,4.88,overcast clouds
185,Novyy Urengoy,RU,66.0833,76.6333,31.53,76,79,4.45,broken clouds
186,Zamardi,HU,46.8849,17.9537,55.94,68,94,1.99,overcast clouds
187,Kushmurun,KZ,52.4503,64.6311,49.05,27,100,7.45,overcast clouds
188,Luza,RU,60.6308,47.2512,45.55,94,100,5.26,overcast clouds
189,Mincivan,AZ,39.0294,46.7185,66.36,75,9,1.43,clear sky
190,Perelyub,RU,51.8667,50.3667,53.98,93,100,8.1,light rain
191,Yenagoa,NG,4.9247,6.2642,74.8,95,74,4.45,moderate rain
192,Sabzevar,IR,36.2126,57.6819,62.33,21,0,9.08,clear sky
193,Ljungby,SE,56.8332,13.9408,55.98,84,100,16.87,overcast clouds
194,Kuusamo,FI,65.9667,29.1833,44.64,93,100,14.97,light intensity drizzle
195,Harer,ET,9.3094,42.1258,56.68,82,39,2.1,scattered clouds
196,Aksu,CN,41.1231,80.2644,55.44,31,95,3.71,overcast clouds
197,Sandwick,GB,60.0,-1.25,51.62,82,75,25.32,light rain
198,Avdon,RU,54.6667,55.7167,43.92,81,100,2.24,overcast clouds
199,Beyneu,KZ,45.3167,55.2,53.89,40,68,12.91,broken clouds
200,Mangrol,IN,21.1167,70.1167,79.86,76,55,12.06,broken clouds
201,Hassleholm,SE,56.1591,13.7664,60.35,83,85,15.17,overcast clouds
202,Shetpe,KZ,44.1667,52.1167,61.52,13,58,14.07,broken clouds
203,Pietarsaari,FI,63.65,22.6833,54.0,95,100,20.67,moderate rain
204,Askarovo,RU,53.3372,58.5089,41.95,56,40,6.71,scattered clouds
205,Togur,RU,58.3631,82.8265,37.06,86,100,5.68,overcast clouds
206,Jumla,NP,29.2747,82.1838,56.07,95,100,3.49,overcast clouds
207,Shu,KZ,43.5983,73.7614,50.92,35,0,6.51,clear sky
208,Malinovskiy,RU,61.1953,62.8397,41.99,78,98,5.08,overcast clouds
209,Aduturai,IN,11.0147,79.4791,76.59,85,100,8.16,very heavy rain
210,Sadiqabad,PK,28.3062,70.1307,79.34,28,0,8.99,clear sky
211,Denizli,TR,37.8402,29.0698,54.61,70,0,3.6,clear sky
212,Abay,KZ,49.6311,72.8539,25.18,66,23,3.6,few clouds
213,Severnoye,RU,56.3491,78.3619,41.31,95,100,1.99,overcast clouds
214,Ndele,CF,8.4109,20.6473,70.29,95,99,3.13,overcast clouds
215,Marabba,SD,12.35,32.1833,76.48,68,98,7.49,overcast clouds
216,Karpathos,GR,35.507,27.2132,69.76,60,0,31.07,clear sky
217,Nalut,LY,30.3333,10.85,70.97,43,0,16.64,clear sky
218,Korla,CN,41.7597,86.1469,51.4,38,0,1.14,clear sky
219,Yanam,IN,16.7333,82.2167,76.1,96,100,4.34,light rain
220,Najran,SA,17.4924,44.1277,70.7,27,69,2.17,broken clouds
221,Amantea,IT,39.1332,16.0746,60.15,52,46,6.58,scattered clouds
222,Gerede,TR,40.8008,32.1969,43.11,96,99,1.66,overcast clouds
223,Khorramabad,IR,33.4878,48.3558,67.75,17,0,5.23,clear sky
224,Magaria,NE,12.9983,8.9099,85.8,41,89,5.23,overcast clouds
225,Kumbo,CM,6.2,10.6667,58.41,93,96,2.28,overcast clouds
226,Vokhtoga,RU,58.8147,41.0461,43.75,96,98,4.36,overcast clouds
227,Zlobin,HR,45.2924,14.6541,53.58,89,0,2.3,clear sky
228,Fevik,NO,58.3794,8.6766,49.77,80,72,16.11,broken clouds
229,Balaguer,ES,41.7912,0.8109,64.42,88,0,4.92,clear sky
230,Lasa,IT,46.6166,10.7002,48.36,77,64,2.75,broken clouds
231,Malatya,TR,38.5,38.0,53.65,67,0,8.05,clear sky
232,Panjakent,TJ,39.4952,67.6093,49.42,35,0,2.24,clear sky
233,Aksarka,RU,66.5606,67.7975,37.0,83,98,10.09,overcast clouds
234,Vengerovo,RU,55.6848,76.7471,44.44,95,100,0.72,overcast clouds
235,Kaspiysk,RU,42.8816,47.6392,66.38,72,61,15.66,broken clouds
236,Gambela,ET,8.25,34.5833,69.64,91,100,2.35,light rain
237,Leshukonskoye,RU,64.8989,45.7622,44.65,97,100,3.38,overcast clouds
238,Marsa Matruh,EG,31.3525,27.2453,71.71,60,0,15.99,clear sky
239,Vaxjo,SE,56.8777,14.8091,55.62,92,100,17.27,overcast clouds
240,Haldibari,IN,26.3333,88.7667,75.16,95,97,3.65,overcast clouds
241,Marzuq,YE,14.4,46.4667,71.74,56,27,0.51,scattered clouds
242,Zherdevka,RU,51.8486,41.4606,46.85,85,92,10.87,overcast clouds
243,Drochia,MD,48.035,27.8161,52.18,55,100,4.72,overcast clouds
244,Allapalli,IN,19.4167,80.0667,72.95,98,83,1.39,broken clouds
245,Lodwar,KE,3.1191,35.5973,84.94,37,95,19.82,overcast clouds
246,Cesis,LV,57.3119,25.2746,52.74,95,60,9.01,broken clouds
247,Bardiyah,LY,31.7561,25.0865,71.2,61,0,13.0,clear sky
248,Savalou,BJ,7.9281,1.9756,73.13,96,73,3.67,broken clouds
249,Bajil,YE,15.0584,43.2851,86.5,61,39,6.49,scattered clouds
250,Tarko-Sale,RU,64.9225,77.785,33.28,75,99,2.84,overcast clouds
251,Hambantota,LK,6.1241,81.1185,78.15,82,100,16.69,overcast clouds
252,Joshimath,IN,30.5667,79.5667,60.15,53,3,4.68,clear sky
253,Bafq,IR,31.6128,55.4107,71.49,19,0,3.56,clear sky
254,Ginda,IN,30.6945,78.4932,54.72,77,0,5.48,clear sky
255,Muzaffargarh,PK,30.0754,71.1921,75.22,30,0,4.18,clear sky
256,Tolbazy,RU,54.0241,55.8825,53.44,25,100,14.25,overcast clouds
257,Tornio,FI,65.8481,24.1466,48.22,97,100,18.99,light rain
258,Kolpny,RU,52.2282,37.0368,44.22,94,61,8.93,broken clouds
259,Petropavlovskaya,RU,45.0819,40.4512,55.15,76,89,4.92,overcast clouds
260,Bere,TD,9.3202,16.1552,73.47,90,95,2.39,overcast clouds
261,Bandipur,NP,27.9333,84.4167,61.0,97,100,2.37,moderate rain
262,Brzeg,PL,50.8608,17.4674,58.71,80,96,8.79,overcast clouds
263,Semirom,IR,31.4167,51.5667,52.18,29,5,2.37,clear sky
264,Kattivakkam,IN,13.2167,80.3167,77.09,80,100,11.97,heavy intensity rain
265,Mamonovo,RU,54.4643,19.938,53.8,77,39,17.02,scattered clouds
266,Kaduqli,SD,11.0167,29.7167,71.76,91,100,3.78,overcast clouds
267,Neyshabur,IR,36.2133,58.7958,58.14,20,0,2.15,clear sky
268,Bosaso,SO,11.2842,49.1816,83.57,66,39,5.19,scattered clouds
269,Sabha,LY,27.0377,14.4283,71.17,43,0,9.71,clear sky
270,Suoyarvi,RU,62.0833,32.35,44.85,95,100,8.66,overcast clouds
271,Rafai,CF,4.95,23.9167,67.19,98,80,2.01,light rain
272,Leningradskaya,RU,46.3214,39.3877,53.06,74,1,5.44,clear sky
273,Noyabrsk,RU,63.1994,75.4507,30.94,86,85,2.53,overcast clouds
274,Riyadh,SA,24.6877,46.7219,75.34,15,0,3.6,clear sky
275,Vad,RU,55.5301,44.2114,46.22,91,99,5.06,light rain
276,Bugulma,RU,54.55,52.8,46.49,77,100,7.63,overcast clouds
277,Staryy Nadym,RU,65.6118,72.6842,32.38,87,41,8.43,scattered clouds
278,Dehloran,IR,32.6941,47.2679,86.83,12,0,8.61,clear sky
279,Mamlyutka,KZ,54.9375,68.5394,45.73,36,100,8.3,overcast clouds
280,Purpe,RU,64.4803,76.6897,31.06,84,83,1.52,broken clouds
281,Taywarah,AF,33.35,64.4167,37.31,26,0,6.53,clear sky
282,Nagod,IN,24.5667,80.6,75.16,92,86,5.19,overcast clouds
283,Turukhansk,RU,65.8167,87.9833,29.79,87,99,6.69,overcast clouds
284,Kresttsy,RU,58.2452,32.5165,46.22,99,99,5.32,overcast clouds
285,Starokozache,UA,46.3372,29.9853,54.91,49,100,3.02,overcast clouds
286,Masallatah,LY,32.6167,14.0,69.06,64,0,8.9,clear sky
287,Shache,CN,38.4167,77.2406,57.7,36,100,8.03,overcast clouds
288,Barsovo,RU,61.1667,73.1667,28.53,90,55,5.82,broken clouds
289,Zbarazh,UA,49.6636,25.7762,48.25,75,100,7.63,overcast clouds
290,Abdanan,IR,32.9926,47.4198,73.45,19,0,9.82,clear sky
291,Sovetskiy,RU,61.3614,63.5842,41.76,84,89,4.56,overcast clouds
292,Diu,IN,20.7141,70.9822,77.45,75,72,11.41,broken clouds
293,Sari,IR,36.5633,53.0601,69.13,72,0,2.77,clear sky
294,Znamenskoye,RU,57.1281,73.8282,43.59,82,100,1.3,overcast clouds
295,Ous,RU,60.9058,61.5186,43.7,67,99,4.27,overcast clouds
296,Ulma,DE,48.3984,9.9916,59.4,92,45,7.99,scattered clouds
297,Lodi,US,38.1302,-121.2725,93.04,36,0,5.48,clear sky
298,Mizan Teferi,ET,6.9833,35.5833,60.19,97,100,2.8,light rain
299,Kargil,IN,34.5667,76.1,41.16,62,0,4.97,clear sky
300,Yarada,IN,17.65,83.2667,77.32,100,100,4.61,overcast clouds
301,Mandalgarh,IN,25.2,75.1,76.78,81,97,5.82,overcast clouds
302,Awassa,ET,7.05,38.4667,56.91,84,65,3.15,broken clouds
303,Balykshi,KZ,47.0667,51.8667,55.4,54,0,13.42,clear sky
304,Manturovo,RU,58.3353,44.7619,44.55,93,97,2.73,overcast clouds
305,Kovrov,RU,56.3572,41.3192,43.7,91,97,6.02,overcast clouds
306,Tubinskiy,RU,52.8892,58.2225,43.88,36,100,8.03,overcast clouds
307,Tando Ghulam Ali,PK,25.1311,68.8676,79.54,70,0,11.43,clear sky
308,Buraydah,SA,26.326,43.975,77.49,17,0,5.48,clear sky
309,Qorveh,IR,35.1664,47.8045,56.07,24,0,1.97,clear sky
310,Ormara,PK,25.2088,64.6357,78.13,85,0,6.38,clear sky
311,Daura,NG,11.5538,11.4085,78.17,63,55,5.46,broken clouds
312,Zyryanovsk,KZ,49.7386,84.2719,35.83,59,36,1.05,scattered clouds
313,Mahibadhoo,MV,3.7833,72.9667,80.87,78,100,18.63,overcast clouds
314,Juba,SS,4.8517,31.5825,68.76,93,83,0.67,broken clouds
315,Hollola,FI,61.05,25.4333,53.2,97,100,11.68,overcast clouds
316,Wad Madani,SD,14.4012,33.5199,81.63,58,44,8.12,scattered clouds
317,Osakarovka,KZ,50.565,72.5692,43.07,60,43,0.58,scattered clouds
318,Balad,IQ,34.0164,44.1453,83.08,16,0,2.39,clear sky
319,Krechevitsy,RU,58.617,31.401,47.8,98,98,6.51,overcast clouds
320,Verkhnyaya Inta,RU,65.9811,60.3094,41.7,93,100,4.5,light rain
321,Winneba,GH,5.3511,-0.6231,75.25,94,35,8.19,scattered clouds
322,Copenhagen,DK,55.6759,12.5655,60.69,85,100,21.85,overcast clouds
323,Kudahuvadhoo,MV,2.6708,72.8944,81.07,78,97,19.19,overcast clouds
324,Gat,IL,31.61,34.7642,72.81,100,0,3.69,clear sky
325,Muzaffarabad,PK,34.37,73.4711,64.83,54,0,5.66,clear sky
326,Malakal,SS,9.5334,31.6605,70.14,96,100,3.22,overcast clouds
327,Sohag,EG,26.557,31.6948,78.42,35,3,10.02,clear sky
328,Shieli,KZ,44.1667,66.75,49.87,27,0,14.34,clear sky
329,Stokmarknes,NO,68.5646,14.9108,48.18,66,75,12.66,light rain
330,Kuloy,RU,61.0305,42.4925,46.26,97,100,1.59,overcast clouds
331,Bongandanga,CD,1.5,21.05,70.39,97,100,1.57,overcast clouds
332,Teguldet,RU,57.3064,88.1667,34.11,98,100,5.41,light snow
333,Kaupanger,NO,61.1845,7.2404,46.09,93,81,5.46,broken clouds
334,Hashtrud,IR,37.4779,47.0508,57.87,26,0,1.61,clear sky
335,Marfino,RU,55.7028,37.3822,45.09,88,75,6.71,broken clouds
336,Adana,TR,36.985,35.2881,73.42,83,20,4.61,few clouds
337,Skjervoy,NO,70.0311,20.9714,42.8,87,90,23.22,overcast clouds
338,Chatellerault,FR,46.8,0.5333,59.72,1,68,10.63,broken clouds
339,Wattegama,LK,6.7989,81.4808,73.71,86,100,5.12,overcast clouds
340,Bondo,CD,3.8146,23.6866,68.18,99,91,1.59,light rain
341,Anupshahr,IN,28.3667,78.2667,72.52,93,41,6.26,scattered clouds
342,Korem,ET,12.5058,39.5228,54.68,71,48,2.06,scattered clouds
343,Narimanov,RU,46.6927,47.8498,58.95,74,100,16.58,overcast clouds
344,Kusti,SD,13.1629,32.6635,80.2,57,64,5.97,broken clouds
345,Svetlogorsk,BY,52.6333,29.7333,47.55,93,100,7.45,overcast clouds
346,Kholmy,UA,51.871,32.6006,46.63,94,100,6.8,overcast clouds
347,Verkhnedneprovskiy,RU,54.9813,33.3457,45.88,97,100,7.18,overcast clouds
348,Kathmandu,NP,27.7167,85.3167,66.42,100,75,2.3,broken clouds
349,Faisalabad,PK,31.4167,73.0833,76.17,32,0,7.78,clear sky
350,Banda Aceh,ID,5.5577,95.3222,77.67,83,100,10.87,overcast clouds
351,Zelenoborsk,RU,61.4669,64.0333,41.83,84,93,4.9,overcast clouds
352,Hareid,NO,62.3714,6.0263,54.54,72,46,14.0,light rain
353,Kashan,IR,33.9831,51.4364,74.64,15,0,1.34,clear sky
354,Ouallam,NE,14.3188,2.0866,89.46,37,52,10.58,broken clouds
355,Podyuga,RU,61.095,40.8647,46.04,98,100,1.77,overcast clouds
356,Kutum,SD,14.2,24.6667,77.59,33,49,5.59,scattered clouds
357,Sevsk,RU,52.1491,34.4926,44.26,97,100,7.14,overcast clouds
358,Dingli,MT,35.8614,14.3822,67.82,73,40,2.3,scattered clouds
359,Sabaudia,IT,41.3003,13.0282,67.48,94,23,5.01,few clouds
360,Lisakovsk,KZ,52.5369,62.4936,47.3,24,100,8.9,overcast clouds
361,Kotelnich,RU,58.3089,48.348,46.04,98,100,4.81,moderate rain
362,Funtua,NG,11.5233,7.3081,71.74,81,97,5.06,overcast clouds
363,Abu Samrah,SY,35.3029,37.1841,68.43,55,1,3.47,clear sky
364,Kochetok,UA,49.8801,36.7372,47.84,81,87,6.96,overcast clouds
365,Kosh-Agach,RU,50.0,88.6667,31.86,58,95,1.97,overcast clouds
366,Hrodna,BY,53.6884,23.8258,48.43,87,90,9.26,overcast clouds
367,Kupino,RU,54.3663,77.2981,46.56,70,100,7.25,overcast clouds
368,Gandai,IN,21.6667,81.1,72.82,98,91,5.21,overcast clouds
369,Arlit,NE,18.7369,7.3853,89.91,17,7,11.61,clear sky
370,Salekhard,RU,66.53,66.6019,37.58,90,100,7.87,overcast clouds
371,Radhanpur,IN,23.8333,71.6,82.38,66,41,9.82,scattered clouds
372,Polyarnyy,RU,69.1989,33.4478,44.38,89,85,10.02,overcast clouds
373,Meulaboh,ID,4.1363,96.1285,74.41,91,100,4.09,light rain
374,Graulhet,FR,43.7669,1.9894,62.69,93,3,2.44,clear sky
375,Anzio,IT,41.4853,12.6179,67.01,77,30,5.93,scattered clouds
376,Berestechko,UA,50.3605,25.1107,48.0,77,100,9.93,overcast clouds
377,Haarlem,NL,52.3667,4.6333,58.96,73,20,20.0,few clouds
378,Hosdurga,IN,13.7981,76.2861,70.03,83,98,8.63,overcast clouds
379,Aleksinac,RS,43.5417,21.7078,46.69,74,99,3.29,overcast clouds
380,Filingue,NE,14.3521,3.3168,89.96,40,32,10.11,scattered clouds
381,Nordby,DK,55.446,8.3979,56.05,87,40,16.11,scattered clouds
382,Akdepe,TM,42.0551,59.3788,48.29,25,0,8.93,clear sky
383,Mahbubabad,IN,17.6167,80.0167,74.75,98,100,1.52,overcast clouds
384,Yining,CN,29.0361,114.5636,57.54,85,100,2.59,overcast clouds
385,Zhanaozen,KZ,43.3,52.8,58.77,16,11,13.11,few clouds
386,Pasinler,TR,39.9803,41.6764,47.39,31,100,3.0,overcast clouds
387,Usinsk,RU,65.9939,57.5281,41.59,90,100,9.73,overcast clouds
388,Zielona Gora,PL,51.9355,15.5064,59.09,38,69,11.14,broken clouds
389,Isiro,CD,2.7739,27.616,64.47,99,90,1.7,light rain
390,Moen,NO,69.1304,18.6123,43.52,75,75,12.66,broken clouds
391,Ust-Ishim,RU,57.6935,71.1665,42.46,63,100,3.65,overcast clouds
392,Yashalta,RU,46.3395,42.2762,53.49,57,61,6.06,broken clouds
393,Arkhangelsk,RU,64.5401,40.5433,48.31,100,100,4.47,overcast clouds
394,Chavakkad,IN,10.5333,76.05,76.73,88,100,3.69,overcast clouds
395,Ghansor,IN,22.65,79.95,70.88,97,99,6.51,overcast clouds
396,Adre,TD,13.4667,22.2,78.03,32,42,8.81,scattered clouds
397,Kostino,RU,58.9097,53.2691,43.32,77,100,7.52,overcast clouds
398,Siderno,IT,38.2779,16.302,63.27,61,10,4.9,clear sky
399,Honningsvag,NO,70.9821,25.9704,44.35,76,100,14.97,overcast clouds
400,Ibra,OM,22.6906,58.5334,75.25,59,5,3.33,clear sky
401,Mogadishu,SO,2.0371,45.3438,77.11,88,53,13.13,broken clouds
402,Shakhtinsk,KZ,49.71,72.5872,40.95,66,24,3.51,few clouds
403,Mbini,GQ,1.574,9.6134,76.95,90,98,6.96,light rain
404,Kulykivka,UA,51.3735,31.6466,48.43,91,100,7.49,overcast clouds
405,Brae,GB,60.3964,-1.353,50.29,79,91,30.06,overcast clouds
406,Biltine,TD,14.5333,20.9167,85.05,24,42,0.6,scattered clouds
407,Mbandaka,CD,0.0487,18.2603,72.73,88,82,1.63,light rain
408,Sergeyevka,KZ,53.88,67.4158,46.72,30,100,7.99,overcast clouds
409,Kushtagi,IN,15.7667,76.2,72.21,84,100,8.05,light rain
410,Karachi,PK,24.9056,67.0822,78.62,83,40,5.75,smoke
411,Paveh,IR,35.0434,46.3565,62.69,24,0,4.68,clear sky
412,Singarayakonda,IN,15.25,80.0333,76.73,89,100,3.6,overcast clouds
413,Langres,FR,47.8333,5.3333,48.2,84,0,5.21,clear sky
414,Choszczno,PL,53.169,15.4205,55.62,74,34,12.68,scattered clouds
415,Rudbar,AF,30.15,62.6,65.97,17,0,9.22,clear sky
416,Khowst,AF,33.3833,69.8833,66.83,37,0,3.53,clear sky
417,Mbouda,CM,5.6258,10.2552,60.91,96,100,3.06,overcast clouds
418,Sharjah,AE,25.3573,55.4033,84.18,83,20,5.75,haze
419,Weligama,LK,5.9667,80.4167,76.95,89,100,12.59,overcast clouds
420,Novoagansk,RU,61.9449,76.6625,30.76,91,48,2.08,scattered clouds
421,Silute,LT,55.3489,21.4831,50.9,84,53,9.46,broken clouds
422,Sistranda,NO,63.7256,8.834,51.76,78,30,31.45,light rain
423,Agaro,ET,7.85,36.65,56.84,97,57,1.74,broken clouds
424,Vyartsilya,RU,62.1764,30.693,49.6,100,100,10.13,overcast clouds
425,Harindanga,IN,22.0383,88.3214,78.58,90,15,5.59,light rain
426,Muravlenko,RU,63.7898,74.523,31.44,84,74,6.44,broken clouds
427,Kabakovo,RU,54.5369,56.1517,44.89,81,100,4.47,overcast clouds
428,Chodavaram,IN,17.8333,82.95,76.84,96,100,3.38,moderate rain
429,Domvraina,GR,38.25,22.9833,61.38,61,0,6.89,clear sky
430,Strezhevoy,RU,60.7333,77.5889,31.6,83,62,3.65,broken clouds
431,Mayahi,NE,13.9553,7.6712,87.93,39,100,3.85,overcast clouds
432,Teya,RU,60.3778,92.6267,31.59,98,100,3.51,light snow
433,Gossau,CH,47.4169,9.2513,56.59,69,27,5.35,scattered clouds
434,Bama,NG,11.5221,13.6856,75.4,79,68,5.12,broken clouds
435,Lixourion,GR,38.2019,20.4314,67.41,68,20,5.12,few clouds
436,Chardara,KZ,41.2547,67.9692,51.17,38,0,6.49,clear sky
437,Lafiagi,NG,8.8667,5.4167,72.99,96,100,2.28,moderate rain
438,Erzincan,TR,39.75,39.5,58.3,63,0,13.8,clear sky
439,Cusset,FR,46.13,3.4596,61.14,78,0,1.92,clear sky
440,Tandalti,SD,13.0167,31.8667,83.44,48,100,3.4,light rain
441,Awjilah,LY,29.1081,21.2869,74.19,44,7,11.01,clear sky
442,Snasa,NO,64.2457,12.3778,47.61,86,100,14.27,light rain
443,Sanok,PL,49.5557,22.2056,54.43,100,98,17.02,overcast clouds
444,Zelenoborskiy,RU,66.845,32.3622,43.84,94,93,9.53,overcast clouds
445,Ikovka,RU,55.6089,64.9375,47.34,39,100,6.55,overcast clouds
446,Sakakah,SA,29.9697,40.2064,80.17,18,15,6.04,few clouds
447,Tazmalt,DZ,36.3868,4.3989,67.64,71,62,3.56,broken clouds
448,Kalat,PK,29.0225,66.5916,57.0,20,0,3.42,clear sky
449,Idah,NG,7.1065,6.7342,73.53,95,99,1.36,light rain
450,Uporovo,RU,56.3109,66.2693,46.54,46,100,6.8,overcast clouds
451,Tanout,NE,14.9709,8.8879,88.12,27,78,6.22,broken clouds
452,Alappuzha,IN,9.49,76.3264,77.0,85,100,5.28,overcast clouds
453,Roald,NO,62.5833,6.1333,54.75,62,20,17.27,few clouds
454,Log,RU,49.4844,43.8613,51.3,70,48,10.71,scattered clouds
455,Sabya,SA,17.1495,42.6254,89.22,69,27,2.68,scattered clouds
456,Bani Walid,LY,31.7566,13.9942,67.71,72,0,8.01,clear sky
457,Mithi,PK,24.7318,69.7981,80.26,63,27,12.39,scattered clouds
458,Moyale,KE,3.5167,39.0584,68.07,73,66,10.56,broken clouds
459,Adamovka,RU,51.5223,59.9396,46.33,30,100,9.89,overcast clouds
460,Sycow,PL,51.3081,17.7198,52.5,76,96,10.51,overcast clouds
461,Rameswaram,IN,9.2833,79.3,82.06,73,97,10.13,overcast clouds
462,Yukamenskoye,RU,57.8865,52.2416,43.09,87,100,10.27,overcast clouds
463,Verkhnetulomskiy,RU,68.6073,31.7962,41.13,89,92,7.63,overcast clouds
464,Haradok,BY,55.4624,29.9816,48.31,97,100,6.53,overcast clouds
465,Ginir,ET,7.1333,40.7,57.6,77,70,1.9,broken clouds
466,Rudsar,IR,37.1376,50.288,69.78,81,0,5.44,clear sky
467,Polessk,RU,54.862,21.1028,51.85,79,53,11.79,broken clouds
468,Kapoeta,SS,4.7717,33.5903,72.34,85,76,2.39,broken clouds
469,Raska,RS,43.2872,20.6153,47.01,80,100,1.39,overcast clouds
470,Khangarh,PK,29.9173,71.1618,75.27,30,0,4.54,clear sky
471,Suluq,LY,31.6682,20.2521,71.6,59,0,7.65,clear sky
472,Abu Dhabi,AE,24.4667,54.3667,87.82,83,20,3.44,few clouds
473,Lapua,FI,62.9693,23.0088,56.08,95,100,13.24,light rain
474,Tansen,NP,27.8673,83.5467,59.94,98,100,4.97,moderate rain
475,Kvarkeno,RU,52.0833,59.725,45.93,33,100,9.93,overcast clouds
476,Sochi,RU,43.6,39.7303,60.89,76,99,5.57,overcast clouds
477,Seoni Malwa,IN,22.45,77.4667,74.34,95,100,3.78,overcast clouds
478,Abu Zabad,SD,12.35,29.25,78.03,69,71,6.87,broken clouds
479,Bafra,TR,41.5678,35.9069,60.82,77,78,2.73,broken clouds
480,Buta,CD,2.7858,24.73,69.03,99,82,1.14,light rain
481,Karacabey,TR,40.2152,28.4038,64.78,77,2,8.86,clear sky
482,Atasu,KZ,48.6814,71.6433,44.17,41,13,6.04,few clouds
483,Proletariy,RU,58.4342,31.7046,47.61,98,100,6.64,overcast clouds
484,Pinsk,BY,52.1229,26.0951,48.65,85,100,9.24,overcast clouds
485,Narva-Joesuu,EE,59.4589,28.0408,53.19,94,100,13.56,overcast clouds
486,Vizinga,RU,61.0749,50.1031,43.88,97,100,5.23,overcast clouds
487,Booue,GA,-0.0921,11.9385,72.66,98,97,2.21,light rain
488,Kemin,KG,42.7846,75.6892,49.39,63,10,5.39,clear sky
489,Gostyn,PL,51.8825,17.0123,55.65,74,90,10.18,overcast clouds
490,Pionerskiy,RU,54.9508,20.2275,51.64,78,45,18.45,scattered clouds
491,Dapaong,TG,10.8639,0.205,76.23,79,92,5.66,light rain
492,Raudeberg,NO,61.9875,5.1352,52.47,40,49,36.95,light rain
493,Lillehammer,NO,61.1146,10.4674,45.32,93,89,4.29,overcast clouds
494,Kjollefjord,NO,70.9457,27.3465,44.65,81,100,10.36,overcast clouds
495,Termoli,IT,41.9888,14.9895,65.79,63,100,2.66,overcast clouds
496,Koksovyy,RU,48.1967,40.5989,49.12,72,56,6.62,broken clouds
497,Umea,SE,63.8284,20.2597,55.33,94,100,17.27,light rain
498,Jurm,AF,36.8648,70.8342,47.34,53,3,0.67,clear sky
499,Milos,GR,36.75,24.4333,68.22,54,0,31.29,clear sky
500,Visby,SE,57.6409,18.296,57.81,82,100,21.85,overcast clouds
501,Ileza,RU,61.0533,43.9002,45.27,98,100,0.92,overcast clouds
502,Adur,IN,9.1667,76.7333,72.86,96,100,1.83,overcast clouds
503,Nikolskoye,RU,59.7035,30.7861,48.09,98,96,7.07,overcast clouds
504,Sarapul,RU,56.4763,53.7978,44.78,93,100,9.71,moderate rain
505,Syracuse,IT,37.0881,15.2792,67.59,56,69,3.18,broken clouds
506,Bara,NG,10.3744,10.7288,74.59,84,32,2.01,scattered clouds
507,Ignatovka,RU,53.9479,47.6536,46.72,86,71,11.9,broken clouds
508,Sorrento,IT,40.626,14.3744,67.57,63,0,6.91,clear sky
509,Boysun,UZ,38.2061,67.1986,50.54,38,0,4.32,clear sky
510,Alekseyevka,RU,50.6309,38.6903,46.2,89,46,8.48,scattered clouds
511,Aksarayskiy,RU,46.7924,48.0119,59.83,74,100,17.47,overcast clouds
512,Svalyava,UA,48.5485,22.9958,50.61,88,100,2.46,overcast clouds
513,Geilo,NO,60.5333,8.2076,42.39,78,74,12.15,broken clouds
514,Tonj,SS,7.2737,28.6822,71.04,97,100,0.83,overcast clouds
515,Kafanchan,NG,9.5833,8.3,67.57,89,90,0.89,overcast clouds
516,Georgiyevka,KZ,43.0369,74.7114,41.04,87,20,4.47,few clouds
517,Elbistan,TR,38.2059,37.1983,61.02,60,14,1.32,few clouds
518,Nyagan,RU,62.1406,65.3936,42.04,94,98,4.03,overcast clouds
519,Ngaoundere,CM,7.3167,13.5833,65.35,96,100,1.77,light rain
520,Tabuk,PH,17.4189,121.4443,78.49,84,98,1.57,overcast clouds
521,Ghogha,IN,21.6833,72.2833,82.72,64,50,12.57,scattered clouds
522,Kyabe,TD,9.4515,18.9449,72.28,93,97,2.71,overcast clouds
523,Rypefjord,NO,70.6333,23.6667,43.27,75,40,4.61,scattered clouds
524,Fereydun Kenar,IR,36.6864,52.5225,74.8,69,0,5.39,clear sky
525,Awbari,LY,26.5921,12.7805,70.74,38,1,8.28,clear sky
526,Safaga,EG,26.7292,33.9365,83.1,50,2,13.15,clear sky
527,Muzhi,RU,65.3667,64.6667,40.64,99,100,6.6,light rain
528,Belorechensk,RU,44.76,39.87,54.99,80,92,4.83,overcast clouds
529,Aden,YE,12.7794,45.0367,86.05,70,85,0.38,overcast clouds
530,Chaman,PK,30.9236,66.4512,65.1,14,0,3.47,clear sky
531,Uray,RU,60.1247,64.7758,40.64,65,94,5.79,overcast clouds
532,Finnsnes,NO,69.2296,17.9811,43.41,93,100,6.35,overcast clouds
533,Yelovo,RU,57.0538,54.9207,44.87,92,100,10.51,light rain
534,Raduzhnyy,RU,62.0961,77.475,31.82,88,47,2.39,scattered clouds
535,Pleshanovo,RU,52.8333,53.4833,55.56,27,100,11.32,light rain
536,Jiwani,PK,25.05,61.7417,79.7,78,0,6.87,clear sky
537,Skegness,GB,53.1436,0.3363,50.34,73,5,23.55,clear sky
538,Urengoy,RU,65.9667,78.3667,33.85,73,100,2.98,overcast clouds
539,Banepa,NP,27.6298,85.5214,64.72,100,75,2.3,broken clouds
540,Pindi Gheb,PK,33.2402,72.2661,77.32,43,0,6.64,clear sky
541,Wajid,SO,3.8093,43.2471,73.63,78,43,16.8,scattered clouds
542,Aktash,RU,50.3,87.7333,26.62,73,95,4.76,overcast clouds
543,Gazanjyk,TM,39.2446,55.5154,57.96,12,0,12.44,clear sky
544,Neftcala,AZ,39.3742,49.2472,72.14,71,0,14.14,clear sky
545,Khandbari,NP,27.3747,87.2039,67.24,86,96,0.87,overcast clouds
546,Rosetta,EG,31.4044,30.4164,73.29,60,0,14.92,clear sky
547,Kusa,RU,55.3383,59.4406,46.42,56,100,3.98,light rain
548,Rajkot,IN,22.3,70.7833,78.21,72,35,10.74,scattered clouds
549,Maarianhamina,AX,60.0973,19.9348,57.06,88,100,21.85,overcast clouds
550,Amalapuram,IN,16.5833,82.0167,75.58,97,100,3.56,light rain
551,Iskateley,RU,67.6803,53.1512,43.36,98,100,6.42,overcast clouds
552,Oskemen,KZ,49.9565,82.6119,44.56,48,75,2.24,broken clouds
553,Watsa,CD,3.0372,29.5355,63.61,98,94,2.33,overcast clouds
554,Kontagora,NG,10.3999,5.4695,72.48,89,98,3.78,overcast clouds
555,Apostag,HU,46.8821,18.9621,52.41,70,98,6.62,overcast clouds
556,Harpanahalli,IN,14.8,75.9833,70.66,88,100,5.88,overcast clouds
557,Storsteinnes,NO,69.2408,19.2344,43.45,92,100,7.47,overcast clouds
558,Kentau,KZ,43.5206,68.5094,51.19,28,0,13.24,clear sky
559,Varnamo,SE,57.186,14.04,56.26,58,100,8.99,overcast clouds
560,Besancon,FR,47.2488,6.0182,58.14,83,0,4.32,clear sky
561,Gravdal,NO,68.1214,13.5031,45.99,87,100,20.02,light rain
562,Havelian,PK,34.0536,73.1657,66.83,46,0,7.31,clear sky
563,Puri,IN,19.8,85.85,77.52,81,68,11.74,moderate rain
564,Maine-Soroa,NE,13.2114,12.0241,83.55,52,21,7.65,few clouds
565,Timra,SE,62.487,17.3257,55.67,94,100,11.5,light rain
566,Mandali,IQ,33.7499,45.5541,87.04,13,0,9.06,clear sky
567,Uspenskaya,RU,45.7645,41.067,53.82,61,67,5.41,broken clouds
568,Lebyazhye,RU,55.2689,66.4947,45.84,36,100,7.36,overcast clouds
569,Katra,IN,32.9833,74.95,64.56,78,0,8.19,clear sky
570,Fossombrone,IT,43.6908,12.8127,63.41,74,75,2.86,broken clouds
571,Druzhba,UA,52.0428,33.9453,44.33,96,100,7.52,overcast clouds
572,Temir,KZ,49.1414,57.13,47.75,26,96,11.3,overcast clouds
573,Mao,ES,39.8885,4.2658,68.56,83,0,5.75,clear sky
574,Ghatal,IN,22.6667,87.7167,76.42,95,21,5.14,few clouds
575,Collecchio,IT,44.754,10.2184,60.57,81,53,5.79,broken clouds
576,Poros,GR,37.4994,23.4536,62.85,53,0,21.12,clear sky
577,Van,TR,38.4924,43.3831,67.35,19,20,12.66,few clouds
578,Zanjan,IR,36.6736,48.4787,60.82,33,0,3.02,clear sky
579,Skoghall,SE,59.3232,13.4655,55.96,100,75,12.66,broken clouds
580,Ajaccio,FR,42.0,8.9167,55.45,82,0,5.75,clear sky
581,Sendafa,ET,9.15,39.0333,52.95,82,11,4.32,few clouds
582,Gimbi,ET,9.1667,35.8333,53.02,95,74,1.66,light rain
583,Sisian,AM,39.5256,46.0251,56.97,48,50,1.43,scattered clouds
584,Synya,RU,65.3718,58.0387,41.04,92,100,4.12,overcast clouds
585,Pestravka,RU,52.405,49.9583,53.28,83,100,8.99,overcast clouds
586,Gela,IT,37.0803,14.2307,67.28,69,82,5.86,broken clouds
587,Diffa,NE,13.3154,12.6113,83.46,51,22,6.42,few clouds
588,Staroye Drozhzhanoye,RU,54.7266,47.5677,48.13,85,97,9.86,overcast clouds
589,Taranto,IT,40.6167,17.25,59.86,72,98,4.09,overcast clouds
590,Dalgopol,BG,43.05,27.35,52.11,77,78,2.24,broken clouds
591,Kobelyaky,UA,49.1489,34.1965,49.35,82,100,5.21,overcast clouds
592,Zweibrucken,DE,49.25,7.3667,61.05,85,20,8.05,few clouds
593,Batticaloa,LK,7.7102,81.6924,78.26,79,99,3.44,overcast clouds
594,Kethely,HU,46.646,17.3936,54.75,100,0,2.3,clear sky
595,Ancona,IT,43.55,13.1667,63.66,42,80,1.01,broken clouds
596,Uddevalla,SE,58.3478,11.9424,55.76,96,100,5.01,light rain
597,Ruwi,OM,23.5996,58.5507,82.09,55,23,2.01,few clouds
598,Finote Selam,ET,10.7,37.2667,54.14,93,50,3.33,scattered clouds
599,Mets Masrik,AM,40.2183,45.7681,53.15,44,72,6.76,broken clouds
600,Bhim Tal,IN,29.35,79.5667,58.55,93,66,2.75,broken clouds
601,Turbat,PK,26.0023,63.044,79.25,49,0,3.87,clear sky
602,Barmer,IN,25.75,71.3833,81.3,49,53,9.06,broken clouds
603,Edremit,TR,39.5961,27.0244,60.55,67,0,11.5,clear sky
604,Kostomuksha,RU,64.571,30.5767,44.74,93,98,11.12,overcast clouds
605,Sivas,TR,39.7916,37.0019,45.23,93,40,5.75,scattered clouds
606,Umm Kaddadah,SD,13.6017,26.6876,87.76,39,71,5.37,broken clouds
607,Zonguldak,TR,41.25,31.8333,48.09,91,84,2.21,broken clouds
608,La Trinite,MQ,14.7376,-60.9629,84.85,46,75,17.27,broken clouds
609,Skala,PL,50.2305,19.8536,52.05,88,100,7.2,overcast clouds
610,Hof,DE,50.3167,11.9167,57.49,87,20,10.36,few clouds
611,Pala,TD,9.3642,14.9046,72.81,89,85,3.06,light rain
612,Chupa,RU,66.27,33.0549,41.13,95,85,7.76,overcast clouds
613,Tashtyp,RU,52.7939,89.8983,35.29,98,100,3.89,overcast clouds
614,Diban,SY,35.0365,40.5167,81.41,32,0,9.69,clear sky
615,Naryan-Mar,RU,67.6713,53.087,43.43,98,100,6.38,overcast clouds
616,Bosobolo,CD,4.1833,19.9,70.61,92,100,1.28,overcast clouds
617,Massakory,TD,12.996,15.7293,82.98,55,100,4.79,overcast clouds
618,Hellvik,NO,59.9156,5.781,54.77,84,78,7.0,broken clouds
619,Tema,GH,5.667,-0.0166,77.41,94,40,11.5,scattered clouds
620,Veraval,IN,20.9,70.3667,79.59,77,66,12.19,broken clouds
621,Susangerd,IR,31.5608,48.1831,84.88,15,0,4.05,clear sky
622,Apatin,RS,45.6711,18.9847,48.16,64,100,5.53,overcast clouds
623,Priiskovyy,RU,51.9333,116.6333,28.92,58,1,4.25,clear sky
624,Negombo,LK,7.2083,79.8358,78.85,94,40,6.91,scattered clouds
625,Stolin,BY,51.8912,26.846,48.24,87,100,8.48,overcast clouds
626,Mailsi,PK,29.8003,72.1758,77.18,27,0,6.08,clear sky
627,Shush,IR,32.1942,48.2436,86.97,10,0,5.93,clear sky
628,Priboj,BA,44.6028,18.9314,40.84,62,100,3.4,overcast clouds
629,Rafraf,TN,37.1904,10.1837,71.92,77,24,11.16,light rain
630,Kjopsvik,NO,68.097,16.3742,44.47,92,100,8.14,light rain
631,Valka,LV,57.7752,26.0101,54.05,91,88,1.01,overcast clouds
632,Konstancin-Jeziorna,PL,52.0938,21.1176,56.14,88,0,3.44,clear sky
633,Tyukalinsk,RU,55.8732,72.1967,43.72,49,100,7.16,overcast clouds
634,Khor,RU,47.8861,134.9464,39.51,50,3,13.71,clear sky
635,Zilair,RU,52.2332,57.4392,47.32,28,100,7.38,overcast clouds
636,Ordu,TR,40.9086,37.6845,50.5,96,100,1.81,overcast clouds
637,Osinovo,RU,55.8809,48.881,48.29,95,89,5.39,overcast clouds
638,Malegaon,IN,20.55,74.5333,75.38,74,92,5.44,overcast clouds
639,Sala,MA,34.0389,-6.8166,65.75,100,40,0.0,scattered clouds
640,Hit,IQ,33.6416,42.8251,82.51,15,0,4.23,clear sky
641,Nisporeni,MD,47.0814,28.1783,50.4,55,100,5.73,overcast clouds
642,Zhirnovsk,RU,50.9845,44.7735,47.59,79,46,8.75,scattered clouds
643,Kharitonovo,RU,61.4009,47.4978,45.19,97,100,4.32,overcast clouds
644,Taybad,IR,34.74,60.7756,56.62,16,0,10.98,clear sky
645,Petropavl,KZ,54.8753,69.1628,44.98,37,100,7.81,overcast clouds
646,Ulcinj,ME,41.9294,19.2244,59.99,62,100,6.26,overcast clouds
647,Blahodatne,UA,50.6637,24.2492,48.24,78,97,9.57,overcast clouds
648,Orahovac,XK,42.3994,20.6547,44.46,72,97,1.68,overcast clouds
649,Siniscola,IT,40.5719,9.6922,54.95,71,6,5.57,clear sky
650,Ostroleka,PL,53.0862,21.5757,52.93,83,94,10.27,overcast clouds
651,Tczew,PL,54.0924,18.7779,54.84,100,31,10.98,scattered clouds
652,Ciechanow,PL,52.8814,20.62,53.42,81,79,10.58,broken clouds
653,Klaipeda,LT,55.7172,21.1175,57.25,84,41,16.91,scattered clouds
654,Medea,DZ,36.2642,2.7539,58.51,67,70,5.95,broken clouds
655,Stupino,RU,54.9008,38.0708,43.25,95,100,7.74,overcast clouds
656,Tignere,CM,7.3667,12.65,65.1,89,100,0.34,overcast clouds
657,Glushkovo,RU,51.3392,34.6328,45.72,96,100,7.36,overcast clouds
658,Mezhdurechensk,RU,53.6942,88.0603,34.23,100,100,1.97,light snow
659,Kiruna,SE,67.8557,20.2251,34.72,100,100,5.75,snow
660,Chulym,RU,55.0997,80.9572,41.36,98,100,3.53,moderate rain
661,Shahreza,IR,32.0339,51.8794,59.83,24,0,1.03,clear sky
662,Verkh-Chebula,RU,56.0308,87.6218,33.58,93,94,6.64,light snow
663,Kankon,IN,15.0167,74.0167,77.74,89,89,6.6,overcast clouds
664,Lieto,FI,60.5103,22.4618,57.47,92,100,13.8,overcast clouds
665,Walldurn,DE,49.5833,9.3667,57.61,85,31,8.05,scattered clouds
666,Lulea,SE,65.5842,22.1547,50.07,100,100,18.41,drizzle
667,Khirkiya,IN,22.1674,76.8605,74.44,93,100,4.47,overcast clouds
668,Gap,FR,44.6667,6.0,39.83,81,0,2.89,clear sky
669,Luban,PL,51.1201,15.2877,58.14,73,94,9.75,overcast clouds
670,At-Bashi,KG,41.1702,75.8106,41.54,72,95,3.51,overcast clouds
671,Qandala,SO,11.472,49.8728,82.85,73,29,3.11,scattered clouds
672,Acurenam,GQ,1.0322,10.6488,68.41,99,100,2.21,overcast clouds
673,Ostrovskoye,RU,57.8057,42.2433,42.6,95,97,4.59,overcast clouds
674,Snezhnogorsk,RU,69.1933,33.2531,40.78,89,84,7.96,broken clouds
675,Poddorye,RU,57.4695,31.1156,49.35,97,100,6.71,overcast clouds
676,Butka,RU,56.7179,63.7866,47.59,52,100,6.46,overcast clouds
677,Dneprovskaya,RU,45.6236,38.8081,53.69,72,0,3.29,clear sky
678,Sanandaj,IR,35.3144,46.9923,64.67,22,0,3.98,clear sky
679,Cuxhaven,DE,53.8718,8.6909,56.97,82,93,25.99,overcast clouds
680,Lonar,IN,19.9833,76.5333,71.51,97,100,3.2,moderate rain
681,Yei,SS,4.095,30.6779,65.77,95,80,1.77,broken clouds
682,Lahij,YE,13.1667,44.5833,80.49,70,76,2.19,broken clouds
683,Volnovakha,UA,47.601,37.4967,45.61,76,65,6.08,broken clouds
684,Goure,NE,13.9835,10.2704,86.54,39,96,11.18,overcast clouds
685,Agirish,RU,61.9247,63.0231,42.76,84,96,4.09,overcast clouds
686,Celle,DE,52.6226,10.0805,65.37,78,33,16.58,light rain
687,Roznava,SK,48.6601,20.5376,49.08,92,84,2.89,broken clouds
688,Manbij,SY,36.5281,37.9549,68.59,62,77,7.0,broken clouds
689,Mehran,IR,33.1222,46.1646,86.11,13,0,8.48,clear sky
690,Ijero,NG,6.4819,3.3803,77.23,94,20,3.44,few clouds
691,Montpellier,FR,43.6109,3.8772,60.57,94,100,5.75,overcast clouds
692,Boddam,GB,57.4667,-1.7833,50.38,72,83,22.03,broken clouds
693,Tukums,LV,56.9669,23.1553,49.35,90,30,9.98,scattered clouds
694,Azare,NG,11.6765,10.1948,77.2,64,60,5.75,broken clouds
695,Veroli,IT,41.6911,13.4177,61.52,88,59,3.71,broken clouds
696,Albert,FR,50.0009,2.651,52.32,87,0,8.05,clear sky
697,Asmara,ER,15.3333,38.9333,56.84,47,51,3.69,broken clouds
698,Enkoping,SE,59.6361,17.0777,60.66,78,97,17.18,overcast clouds
699,Valvedditturai,LK,9.8167,80.1667,79.9,83,100,12.17,light rain
700,Ternovka,RU,51.678,41.6375,45.79,87,84,10.49,broken clouds
701,Blankenburg,DE,51.7833,10.95,62.08,77,46,12.5,scattered clouds
702,Chioggia,IT,45.2256,12.2889,62.6,77,96,3.22,overcast clouds
703,Yalvac,TR,38.2956,31.1778,49.71,85,63,7.45,broken clouds
704,Krumovgrad,BG,41.4667,25.65,49.57,66,39,3.78,scattered clouds
705,Zabol,AF,32.25,67.25,57.29,17,0,7.54,clear sky
706,Ardesen,TR,41.1911,40.9875,65.35,87,100,4.81,light rain
707,Odweyne,SO,9.4092,45.064,75.83,52,100,9.98,overcast clouds
708,Ukholovo,RU,53.7929,40.4892,44.47,91,92,9.6,overcast clouds
709,Nurota,UZ,40.5614,65.6886,47.84,33,0,8.97,clear sky
710,Garoua Boulai,CM,5.8833,14.55,64.06,96,100,1.03,overcast clouds
711,Nizhniy Odes,RU,63.6445,54.856,41.49,95,100,6.29,light rain
712,Kefalos,GR,36.7453,26.9589,70.02,60,0,12.66,clear sky
713,Shalya,RU,57.2471,58.7298,42.04,81,100,7.63,light rain
714,Zhanakorgan,KZ,43.9098,67.2495,52.74,24,0,13.94,clear sky
715,Mikhaylovka,RU,50.06,43.2379,48.78,78,69,9.78,broken clouds
716,Bichena,ET,10.45,38.2,49.86,74,20,4.52,few clouds
717,Jerusalem,IL,31.769,35.2163,65.12,86,0,4.74,clear sky
718,Glamoc,BA,44.0458,16.8486,49.62,45,100,0.56,overcast clouds
719,Jizan,SA,17.3333,42.6667,88.74,68,40,2.39,scattered clouds
720,Pinega,RU,64.7001,43.3936,45.09,96,100,3.49,overcast clouds
721,Cermik,TR,38.1361,39.4493,70.38,44,99,1.25,overcast clouds
722,Zheleznodorozhnyy,RU,55.7503,38.0042,45.36,86,96,6.42,overcast clouds
723,Owando,CG,-0.4819,15.8999,71.22,95,95,1.77,light rain
724,Jablah,SY,35.3614,35.9256,70.09,64,0,6.91,clear sky
725,Ornes,NO,66.8689,13.7078,45.03,86,100,12.33,overcast clouds
726,Sembe,CG,1.6481,14.5806,69.17,98,81,2.33,broken clouds
727,Novosheshminsk,RU,55.0651,51.2338,47.89,96,100,9.95,light rain
728,Talaja,IN,21.35,72.05,81.45,62,48,10.65,scattered clouds
729,Westerland,DE,54.9079,8.3033,57.22,82,75,23.02,broken clouds
730,Faqirwali,PK,29.4663,73.034,78.98,24,0,6.96,clear sky
731,Boralday,KZ,43.3578,76.8594,40.86,81,20,2.24,few clouds
732,Gamboula,CF,4.1178,15.1393,67.51,97,83,2.57,light rain
733,Skelleftea,SE,64.7507,20.9528,52.16,100,100,14.97,light rain
734,Muyezerskiy,RU,63.9333,31.65,45.03,90,97,11.56,overcast clouds
735,Pyshma,RU,56.9523,63.2513,48.31,50,100,6.35,overcast clouds
736,Zlitan,LY,32.4674,14.5687,72.82,60,0,9.64,clear sky
737,Kayerkan,RU,69.3497,87.7602,26.78,96,100,2.37,overcast clouds
738,Aqtobe,KZ,50.2797,57.2072,41.09,30,0,6.71,clear sky
739,Kurtamysh,RU,54.9103,64.4319,48.72,36,100,7.45,overcast clouds
740,Koslan,RU,63.4564,48.8989,42.44,97,100,3.94,light rain
741,Rabak,SD,13.1809,32.74,78.35,61,6,10.16,clear sky
742,Bayan,CN,46.0833,127.4,43.48,37,1,10.2,clear sky
743,Zabid,YE,14.1951,43.3152,86.45,65,38,5.73,scattered clouds
744,Bako,ET,5.7833,36.5667,63.37,83,98,4.16,overcast clouds
745,Qeshm,IR,26.9581,56.2719,84.09,78,0,4.07,clear sky
746,Sanchursk,RU,56.9413,47.2499,46.13,93,100,7.0,light rain
747,Ask,NO,60.0717,11.0345,52.72,76,0,9.22,clear sky
748,Ravar,IR,31.2656,56.8055,68.97,20,0,4.88,clear sky
749,Igarka,RU,67.4667,86.5833,30.36,92,100,5.79,overcast clouds
750,Vilkaviskis,LT,54.6517,23.0322,49.01,82,0,9.66,clear sky
751,Boljevac,RS,43.8303,21.9531,45.86,70,100,1.5,overcast clouds
752,Sangin,AF,32.0728,64.8359,65.01,13,0,8.97,clear sky
753,Koutsouras,GR,35.0339,25.9469,69.12,51,0,30.62,clear sky
754,Ilesha,NG,7.1371,5.2583,70.95,99,100,2.73,overcast clouds
755,Islamkot,PK,24.6997,70.177,80.29,61,11,11.36,few clouds
756,Ouargaye,BF,11.5033,0.0572,78.8,71,91,6.44,light rain
757,Trebinje,BA,42.7119,18.3442,53.96,67,0,5.75,clear sky
758,Miram Shah,PK,33.0086,70.0697,72.18,31,0,3.0,clear sky
759,Ikom,NG,5.9667,8.7063,73.31,98,100,1.39,moderate rain
760,Khoy,IR,38.5504,44.9535,65.32,26,63,4.18,broken clouds
761,Kozhva,RU,65.1073,57.0459,41.99,89,100,7.4,overcast clouds
762,Ivdel,RU,60.6911,60.4206,42.84,73,100,2.98,overcast clouds
763,Pitsunda,GE,43.1592,40.3378,60.98,77,100,3.24,light rain
764,Pokhara,NP,28.2333,83.9833,65.07,98,100,2.84,heavy intensity rain
765,Yangambi,CD,0.8102,24.4336,69.91,97,100,1.57,overcast clouds
766,Bekhtery,UA,46.251,32.2927,56.64,58,100,3.15,overcast clouds
767,Bonneville,FR,46.0802,6.4073,55.85,86,0,4.23,clear sky
768,Nettuno,IT,41.4826,12.679,67.35,79,86,4.52,overcast clouds
769,Madarounfa,NE,13.3087,7.156,84.69,46,100,4.85,overcast clouds
770,Matara,LK,5.9485,80.5353,76.73,89,100,12.24,overcast clouds
771,Gossaigaon,IN,26.4481,89.989,73.8,96,100,2.24,overcast clouds
772,Panjab,AF,34.388,67.0233,34.86,47,0,5.39,clear sky
773,Uran,IN,18.8769,72.9397,82.36,84,90,5.12,overcast clouds
774,Xudat,AZ,41.631,48.681,66.0,74,100,6.51,overcast clouds
775,Damara,CF,4.9608,18.7035,69.94,95,100,1.7,overcast clouds
776,Kaduy,RU,59.2,37.15,38.57,96,10,3.74,clear sky
777,Kondopoga,RU,62.2057,34.2614,38.88,97,56,5.01,broken clouds
778,Yerky,UA,48.9906,30.9882,50.2,76,100,6.67,overcast clouds
779,Mnichovo Hradiste,CZ,50.5272,14.9713,56.62,88,100,3.36,overcast clouds
780,Vanersborg,SE,58.3807,12.3234,55.35,94,100,14.97,light rain
781,Narsipatnam,IN,17.6667,82.6167,75.16,96,100,3.76,moderate rain
782,Pudozh,RU,61.8099,36.5345,39.11,95,15,4.0,few clouds
783,Kalmunai,LK,7.4167,81.8167,78.24,79,100,3.18,overcast clouds
784,Gidole,ET,5.65,37.3667,56.53,79,85,2.26,light rain
785,Mustasaari,FI,63.1142,21.6822,57.15,94,100,18.41,light rain
786,Vetrisoaia,RO,46.43,28.2083,54.18,54,100,5.84,overcast clouds
787,Devrek,TR,41.2192,31.9558,53.08,93,95,2.55,overcast clouds
788,Ratnagiri,IN,16.9833,73.3,77.79,87,100,6.13,overcast clouds
789,Krasnoarmeysk,RU,51.0239,45.6969,47.82,77,38,9.48,scattered clouds
790,Gumdag,TM,39.2061,54.5906,63.36,10,0,22.44,clear sky
791,Lesnyye Polyany,RU,55.9667,37.8667,45.01,92,100,4.99,overcast clouds
792,Vadlapudi,IN,14.3167,79.8,78.51,82,100,4.18,overcast clouds
793,Ierapetra,GR,35.01,25.7353,69.15,51,0,13.0,clear sky
794,Marostica,IT,45.7468,11.6579,63.86,83,40,2.77,scattered clouds
795,Zuwarah,LY,32.9312,12.082,73.72,61,15,15.01,few clouds
796,Ragama,ES,40.9977,-5.1272,64.13,40,0,4.12,clear sky
797,Varzob,TJ,38.7737,68.8178,51.53,44,4,4.29,clear sky
798,Tigzirt,DZ,36.8886,4.1198,70.25,68,25,2.98,scattered clouds
799,Hanko,FI,59.8333,22.95,57.06,95,88,27.47,overcast clouds
800,Boksitogorsk,RU,59.474,33.8485,44.6,97,17,4.81,few clouds
801,Sukhumi,GE,43.0033,41.0153,64.31,94,100,1.86,light rain
802,Lichtenvoorde,NL,51.9867,6.5667,56.98,91,0,17.85,clear sky
803,Gwadar,PK,25.1216,62.3254,77.97,78,0,2.8,clear sky
804,Illela,NG,13.7292,5.2975,82.29,60,11,8.68,few clouds
805,Zemio,CF,5.0314,25.1361,68.59,98,100,1.86,light rain
806,Brunsbuttel,DE,53.9,9.15,59.4,87,100,8.01,overcast clouds
807,Liptovsky Hradok,SK,49.0396,19.7234,48.97,87,95,4.7,overcast clouds
808,Impfondo,CG,1.6381,18.0667,70.21,98,100,1.59,moderate rain
809,Dwarahat,IN,29.7833,79.4333,59.99,94,64,2.53,broken clouds
810,Sarakhs,IR,36.5449,61.1577,51.58,18,0,2.53,clear sky
811,Kachiry,KZ,53.0675,76.1036,47.68,50,100,8.14,overcast clouds
812,Galle,LK,6.0367,80.217,77.83,87,100,13.78,overcast clouds
813,Irbil,IQ,36.1926,44.0106,67.82,21,0,3.44,clear sky
814,Kuhdasht,IR,33.535,47.6061,66.78,18,0,4.76,clear sky
815,Dubti,ET,11.7361,41.0853,88.21,40,97,6.46,overcast clouds
816,Lida,BY,53.8833,25.2997,46.04,92,30,8.21,scattered clouds
817,Kuliyapitiya,LK,7.4688,80.0401,78.48,92,98,5.61,overcast clouds
818,Yenisehir,TR,40.2644,29.6531,44.65,100,40,2.3,scattered clouds
819,Pervomayskoye,RU,43.919,46.7102,61.81,62,100,9.89,overcast clouds
820,Karasjok,NO,69.4719,25.5112,38.93,96,100,15.19,overcast clouds
821,Kempten,DE,47.7267,10.3139,53.47,67,39,5.73,scattered clouds
822,Ambam,CM,2.3833,11.2833,67.05,100,91,1.95,overcast clouds
823,Baringo,KE,0.4667,35.9667,68.63,68,15,2.86,few clouds
824,Dabhol,IN,17.6,73.1667,74.43,92,99,4.32,overcast clouds
825,Kolyshley,RU,52.7005,44.5367,46.74,82,94,11.81,overcast clouds
826,Mehkar,IN,20.1508,76.569,72.39,94,100,2.19,light rain
827,Kiknur,RU,57.3034,47.2011,45.88,96,100,5.79,light rain
828,Hithadhoo,MV,-0.6,73.0833,82.27,74,43,20.78,scattered clouds
829,Barsukovskaya,RU,44.7632,41.8191,55.54,92,100,3.15,overcast clouds
830,Balti,MD,47.7617,27.9289,52.43,55,100,4.7,overcast clouds
831,Manyava,UA,48.6554,24.3754,45.79,74,100,7.2,overcast clouds
832,Kondagaon,IN,19.6,81.6667,69.82,97,82,4.72,broken clouds
833,Gasa,PS,31.5,34.4667,67.87,77,6,5.91,clear sky
834,Jurmala,LV,56.968,23.7704,50.99,100,100,9.22,overcast clouds
835,Trabzon,TR,40.9167,39.8333,59.09,82,75,9.22,broken clouds
836,Alnashi,RU,56.1874,52.4792,45.72,98,100,7.99,light rain
837,Damietta,EG,31.4165,31.8133,73.63,65,0,11.27,clear sky
838,Kormilovka,RU,55.0026,74.1028,43.86,55,100,7.25,overcast clouds
839,Kemijarvi,FI,66.7131,27.4306,44.47,95,100,11.65,overcast clouds
840,Kouango,CF,4.9934,19.9619,70.72,97,100,0.87,moderate rain
841,Seda,LV,57.65,25.75,54.05,96,33,8.43,scattered clouds
842,Mahon,ES,39.8885,4.2658,68.56,83,0,5.75,clear sky
843,Ozerne,UA,50.1782,28.7338,47.86,78,100,9.28,overcast clouds
844,Benghazi,LY,32.1167,20.0667,73.29,66,0,14.38,clear sky
845,Dovolnoye,RU,54.4958,79.6671,44.76,94,100,3.2,overcast clouds
846,Nybro,SE,56.7446,15.9071,57.04,75,100,13.87,overcast clouds
847,Krasnovishersk,RU,60.4078,57.082,42.51,74,100,6.4,overcast clouds
848,Carnot,CF,4.9409,15.8665,69.21,97,100,0.83,overcast clouds
849,Polis,CY,35.0367,32.4264,66.02,73,0,1.88,clear sky
850,Galbshtadt,RU,53.2264,78.9845,46.62,81,100,7.76,overcast clouds
851,Kyshtovka,RU,56.555,76.6271,42.58,95,100,3.76,overcast clouds
852,Fallingbostel,DE,52.8667,9.7,64.98,75,93,15.57,overcast clouds
853,Megalopoli,GR,37.4011,22.1422,54.05,80,0,4.63,clear sky
854,Straumen,NO,63.8709,11.2999,44.6,77,100,13.51,overcast clouds
855,Pindiga,NG,9.9833,10.9333,73.58,82,98,0.65,overcast clouds
856,Hvide Sande,DK,56.0045,8.1294,53.1,86,94,28.34,overcast clouds
857,Kholm,RU,59.2667,32.85,45.52,98,99,6.06,overcast clouds
858,Kuryk,KZ,43.2,51.65,64.06,27,74,14.41,broken clouds
859,Edirne,TR,41.6772,26.556,53.17,72,35,6.22,scattered clouds
860,Bandar-E Lengeh,IR,26.5579,54.8807,84.31,89,0,0.0,mist
861,Floro,NO,61.5996,5.0328,53.56,71,100,27.63,light rain
862,Bettiah,IN,26.8,84.5,72.1,94,100,10.16,overcast clouds
863,Kozova,UA,49.4354,25.1509,47.05,73,99,6.06,overcast clouds
864,Brekstad,NO,63.687,9.6654,51.89,71,75,16.11,broken clouds
865,Ochamchira,GE,42.7121,41.4721,63.88,93,100,2.28,overcast clouds
866,Kunigal,IN,13.0222,77.0267,67.87,90,100,1.68,overcast clouds
867,Sarab,IR,38.6066,44.9883,65.26,26,69,3.74,broken clouds
868,Abomsa,ET,9.9833,39.9833,72.81,46,99,6.42,light rain
869,Mizdah,LY,31.4451,12.9801,60.91,87,0,8.77,clear sky
870,Sangerhausen,DE,51.4667,11.3,62.02,78,18,10.31,few clouds
871,Volodarskiy,RU,46.4013,48.5409,58.95,78,100,12.64,overcast clouds
872,Cairo,EG,30.0626,31.2497,74.16,78,40,8.05,scattered clouds
873,Verkhniy Baskunchak,RU,48.2256,46.7217,56.55,56,100,6.11,overcast clouds
874,Blagoyevo,RU,63.3667,47.9167,43.21,96,100,3.24,overcast clouds
875,Pula,HR,44.8683,13.8481,52.36,87,0,0.0,clear sky
876,Ales,FR,44.1333,4.0833,56.48,93,0,3.38,clear sky
877,Wajir,KE,1.7471,40.0573,74.88,74,14,15.99,few clouds
878,Stantsionno-Oyashinskiy,RU,55.4664,83.8245,33.53,93,10,4.81,clear sky
879,Arvika,SE,59.6553,12.5852,56.01,90,93,12.08,overcast clouds
880,Tatarskaya Pishlya,RU,54.0608,44.8998,46.44,85,100,11.5,overcast clouds
881,Andenes,NO,69.3143,16.1194,46.38,15,100,19.57,light rain
882,Totma,RU,59.9747,42.7642,46.24,98,100,4.03,overcast clouds
883,Aleksandrovka,UA,46.8383,32.7612,54.23,60,100,3.65,overcast clouds
884,Forssa,FI,60.8146,23.6215,54.68,94,100,13.0,overcast clouds
885,Amposta,ES,40.7131,0.581,68.23,85,73,4.34,broken clouds
886,Scarborough,GB,54.2797,-0.4044,50.65,82,0,5.01,clear sky
887,Gulu,UG,2.7746,32.299,64.02,92,79,1.45,broken clouds
888,Porbandar,IN,21.6422,69.6093,79.95,75,42,12.46,scattered clouds
889,Igdir,TR,39.9237,44.045,69.73,25,75,5.75,broken clouds
890,Bezhetsk,RU,57.7851,36.6965,40.64,96,29,3.89,scattered clouds
891,Krasnoborsk,RU,61.5598,45.934,45.82,98,100,2.3,overcast clouds
892,Birin,NP,26.8865,88.0718,61.45,93,96,0.96,overcast clouds
893,Farah,AF,32.5,62.5,59.5,19,0,3.96,clear sky
894,Develi,TR,38.3906,35.4922,49.35,87,49,1.72,scattered clouds
895,Niamey,NE,13.5137,2.1098,79.09,69,0,0.0,clear sky
896,Sinjar,IQ,36.3209,41.8754,77.81,19,0,4.0,clear sky
897,Altay,CN,47.8667,88.1167,38.12,45,1,2.48,clear sky
898,Sosnytsya,UA,51.5239,32.4999,48.15,91,100,6.69,overcast clouds
899,Bergen,NO,60.392,5.328,52.21,84,75,14.97,shower rain
900,Umarkot,PK,25.3616,69.7362,80.37,63,0,7.92,clear sky
901,Kurikka,FI,62.6167,22.4167,55.83,95,100,14.34,overcast clouds
902,Semey,KZ,50.4111,80.2275,35.82,51,40,2.24,scattered clouds
903,Dharchula,IN,29.85,80.5333,63.95,82,86,3.44,overcast clouds
904,Nastola,FI,60.95,25.9333,52.84,98,100,11.77,overcast clouds
905,Norrtalje,SE,59.758,18.705,59.43,75,86,14.54,overcast clouds
906,Sindor,RU,62.8629,51.8905,41.49,96,100,5.21,light rain
907,Baghramyan,AM,40.1934,44.3683,68.79,28,26,8.05,scattered clouds
908,Kuybyshevo,RU,47.8123,38.9073,49.15,73,64,5.61,broken clouds
909,Nizhnyaya Omka,RU,55.4338,74.9426,44.74,49,100,6.53,overcast clouds
